[
    {
        "id": "Username",
        "label": "The Shoko Server Username",
        "type": "text",
        "default": "Default"
    },

    {
        "id": "Password",
        "label": "The Shoko Server Password",
        "type": "text",
        "option": "hidden",
        "default": "",
        "secure": true
    },

    {
        "id": "Hostname",
        "label": "The Shoko Server Hostname",
        "type": "text",
        "default": "127.0.0.1"
    },

    {
        "id": "Port",
        "label": "The Shoko Server Port",
        "type": "text",
        "default": "8111"
    },

    {
        "id": "SingleSeasonOrdering",
        "label": "Use single season ordering IMPORTANT: Make sure the 'SingleSeasonOrdering' setting in 'Shoko Relay Scanner.py' matches!",
        "type": "bool",
        "default": false
    },

    {
        "id": "SeriesTitleLanguagePreference",
        "label": "The preferred languages for the series title, separated by a comma. Set to \"SHOKO\" to use Shoko's preferred title",
        "type": "text",
        "default": "SHOKO, X-JAT, EN"
    },

    {
        "id": "SeriesAltTitleLanguagePreference",
        "label": "The preferred languages for the series alt title, separated by a comma. Set to \"SHOKO\" to use Shoko's preferred title",
        "type": "text",
        "default": "EN, X-JAT, SHOKO"
    },

    {
        "id": "EpisodeTitleLanguagePreference",
        "label": "The preferred languages for episode titles, separated by a comma. Set to \"SHOKO\" to use Shoko's preferred title",
        "type": "text",
        "default": "SHOKO, EN, X-JAT"
    },

    {
        "id": "minimumTagWeight",
        "label": "The minimum weight for AniDB tags to be applied",
        "type": "enum",
        "values" : ["600", "500", "400", "300", "200", "100", "0"],
        "default": "0"
    },

    {
        "id": "crewListings",
        "label": "Enable staff listings in the Cast & Crew section",
        "type": "bool",
        "default": true
    },

    {
        "id": "contentRatings",
        "label": "Enable using assumed content ratings",
        "type": "bool",
        "default": true
    },

    {
        "id": "themeMusic",
        "label": "Grab theme music the same way Plex theme music would",
        "type": "bool",
        "default": true
    },

    {
        "id": "synposisCleanLinks",
        "label": "Synopsis: Remove links",
        "type": "bool",
        "default": true
    },

    {
        "id": "synposisCleanMiscLines",
        "label": "Synopsis: Remove the line if it starts with ('* ' / '-- ' / '~ ')",
        "type": "bool",
        "default": true
    },

    {
        "id": "synposisRemoveSummary",
        "label": "Synopsis: Remove anything after Source, Note or Summary",
        "type": "bool",
        "default": true
    },

    {
        "id": "synposisCleanMultiEmptyLines",
        "label": "Synopsis: Collapse excessive empty lines",
        "type": "bool",
        "default": true
    },

    {
        "id": "customThumbs",
        "label": "Use Shoko's episode thumbnails",
        "type": "bool",
        "default": false
    },

    {
        "id": "disableNegativeSeasonAirdates",
        "label": "Leave the \"Originally Available\" field blank for \"Credits\", \"Trailers\", \"Parodies\", and \"Other\" episode types. This is a workaround to prevent Plex from playing them before regular episodes and specials.",
        "type": "enum",
        "values" : ["All", "Exclude Other", "None"],
        "default": "Exclude Other"
    }
]
